<application>
  <component name="JupyterPersistentConnectionParameters">
    <option name="moduleParameters">
      <map>
        <entry key="$USER_HOME$/sjerlok/scraping_report/.idea/scraping_reports.iml">
          <value>
            <JupyterConnectionParameters>
              <option name="token" value="e28ab9cba632592012ee7388f234e12252c167390d099408" />
              <option name="urlString" value="http://localhost:8888/" />
            </JupyterConnectionParameters>
          </value>
        </entry>
      </map>
    </option>
  </component>
</application>