<application>
  <component name="MaterialThemeConfig">
    <option name="compactDropdowns" value="true" />
    <option name="isCompactMenus" value="true" />
    <option name="isCompactStatusBar" value="true" />
    <option name="isCompactTables" value="true" />
    <option name="isWizardShown" value="true" />
    <option name="monochromeIcons" value="true" />
    <option name="overrideAccentColor" value="true" />
    <option name="accentColor" value="42a5f5" />
    <option name="selectedTheme" value="ARC_DARK" />
    <option name="userId" value="5e878432:16ce28f1965:-8000" />
    <option name="version" value="4.5.1" />
  </component>
</application>