<application>
  <component name="UISettings">
    <option name="EDITOR_TAB_PLACEMENT" value="0" />
    <option name="HIDE_TOOL_STRIPES" value="true" />
    <option name="SHOW_ICONS_IN_QUICK_NAVIGATION" value="false" />
    <option name="SHOW_MAIN_MENU" value="false" />
    <option name="SHOW_MEMORY_INDICATOR" value="true" />
    <option name="SHOW_NAVIGATION_BAR" value="false" />
    <option name="SHOW_STATUS_BAR" value="false" />
    <option name="showTreeIndentGuides" value="true" />
    <option name="smoothScrolling" value="true" />
  </component>
</application>