<keymap version="1" name="Default for GNOME copy" parent="Default for GNOME">
  <action id="ActivateDatabaseToolWindow">
    <keyboard-shortcut first-keystroke="alt 6" />
  </action>
  <action id="ActivateFavoritesToolWindow" />
  <action id="ActivateFindToolWindow" />
  <action id="ActivateNavBar">
    <keyboard-shortcut first-keystroke="ctrl alt home" />
  </action>
  <action id="ActivatePythonConsoleToolWindow">
    <keyboard-shortcut first-keystroke="alt 2" />
  </action>
  <action id="ActivateRunToolWindow" />
  <action id="ActivateSciViewToolWindow">
    <keyboard-shortcut first-keystroke="alt 4" />
  </action>
  <action id="ActivateTODOToolWindow" />
  <action id="ActivateTerminalToolWindow">
    <keyboard-shortcut first-keystroke="alt 3" />
  </action>
  <action id="Back">
    <mouse-shortcut keystroke="button4" />
  </action>
  <action id="CollapseAllRegions">
    <keyboard-shortcut first-keystroke="shift ctrl subtract" />
  </action>
  <action id="Diff.ApplyRightSide" />
  <action id="GotoRelated" />
  <action id="NextSplitter">
    <keyboard-shortcut first-keystroke="shift alt right" />
  </action>
  <action id="PrevSplitter">
    <keyboard-shortcut first-keystroke="shift alt left" />
  </action>
  <action id="PreviousEditorTab" />
  <action id="SplitHorizontally">
    <keyboard-shortcut first-keystroke="shift ctrl minus" />
  </action>
  <action id="SplitVertically">
    <keyboard-shortcut first-keystroke="shift ctrl back_slash" />
  </action>
  <action id="Unsplit">
    <keyboard-shortcut first-keystroke="shift ctrl s" />
  </action>
</keymap>